repo,sha,author,date,message,additions,deletions,total_changes
freeCodeCamp/freeCodeCamp,fda816360ea8fff4e42435ff2384bf403f382eea,PulkitPB,2025-07-11T19:40:59Z,fix(curriculum): replace 'spreadsheet' with 'stylesheet' in a CSS lecture (#61307),3,4,7
freeCodeCamp/freeCodeCamp,0725188094355f6f683b6794dd262a3102678523,dev-kamil,2025-07-11T12:16:12Z,fix(curriculum): Add test and user story to enforce correct RPG Creature API endpoint usage (#61194),32,0,32
freeCodeCamp/freeCodeCamp,d3b8238c293c00110f280a5697d77dfc72ccc294,Oliver Eyton-Williams,2025-07-11T08:29:28Z,test: remove unnecessary testString check (#61206),0,9,9
freeCodeCamp/freeCodeCamp,524af83ad8b2f1506c3a39662a718f108d639ba3,Clarence Bakosi,2025-07-11T03:43:23Z,chore(curriculum): fix typo in learn determiners and advanced use of articles task 48 (#61292),1,1,2
freeCodeCamp/freeCodeCamp,e9befb49311f05dba6627d9dafca77c862a94c10,Jaehoon Kim,2025-07-10T21:01:14Z,"chore: update asserts in step 38-41, 43-44 of magazine-workshop (#61290)",12,12,24
freeCodeCamp/freeCodeCamp,b903270b7546162fcddb1368307b994afa0cde76,Supravisor,2025-07-10T20:47:02Z,fix(curriculum): clarify state variable naming in Toggle Text (#61277)  Co-authored-by: Huyen Nguyen <25715018+huyenltnguyen@users.noreply.github.com> Co-authored-by: Ilenia <26656284+ilenia-magoni@users.noreply.github.com>,2,2,4
freeCodeCamp/freeCodeCamp,4ef79ddd339be402a6a98360c5af9b6761956fbb,Clarence Bakosi,2025-07-10T18:46:24Z,chore(curriculum): fix typo in learn how to use adjectives in conversations task 101 (#61283),1,1,2
freeCodeCamp/freeCodeCamp,76eee4b61913db2fe57b9764214a38b3d61d031f,Giftea ☕,2025-07-10T18:46:10Z,"fix(curriculum): fix typo from ""Yor"" to ""Your"" (#61284)",1,1,2
freeCodeCamp/freeCodeCamp,d47e11e97dd6cdf2e81d58d3a6d58237b133f388,Kannan,2025-07-10T18:24:45Z,fix(curriculum): updated learning habits transcript (#61282),2,5,7
freeCodeCamp/freeCodeCamp,e258d627414a2c9ddd868a7b2f2f4c5a348aff80,Anmol Sah,2025-07-10T17:45:11Z,chore: update assert() to specific assert methods in workshop-magazine steps 45-48 (#61286),11,11,22
freeCodeCamp/freeCodeCamp,1c5c0867f7c6c18e8eadcbf3d0c353fb559510e1,Giftea ☕,2025-07-10T14:04:18Z,chore(curriculum): update third question in react fundamentals quiz (#61279),8,8,16
freeCodeCamp/freeCodeCamp,6bc8a5aaff1c8bec53ff20672de429b0cc368d09,Ilenia,2025-07-10T13:58:40Z,chore: add Dictionaries and Sets section lecture files (#60679)  Co-authored-by: Dario-DC <105294544+Dario-DC@users.noreply.github.com> Co-authored-by: Zaira <33151350+zairahira@users.noreply.github.com>,585,2,587
freeCodeCamp/freeCodeCamp,a06719f0636565092c408d56434cc774b01354eb,Nielda Karla,2025-07-10T13:28:56Z,Fix(Curriculum): A2 Learn Introductions in an Online Team Meeting - Task 99 (#61259),11,21,32
freeCodeCamp/freeCodeCamp,0939315645466e4a303a903afd7e282ec4293aeb,Supravisor,2025-07-10T10:52:37Z,fix(curriculum): typo in Tech Trends and Updates (#61145),1,1,2
freeCodeCamp/freeCodeCamp,e1d00c6fc571b6143c5ad58be591d9ffe2c1e5b7,DanielRosa74,2025-07-09T21:46:53Z,fix(curriculum): reword of -ing explanations in the A2 certification (#61260),3,3,6
freeCodeCamp/freeCodeCamp,d51e4ba7bb14170f5bb5c46a21b6cbac594d6423,Samuel Oommen,2025-07-09T19:11:15Z,chore(curriculum): update asserts steps 24-25 in the magazine workshop (#61251),11,11,22
freeCodeCamp/freeCodeCamp,072903b58629c32e0fb6cd657f37de810ce8e70b,yoko,2025-07-09T17:43:46Z,feat(curriculum): add dictionaries and sets review page (#60527)  Co-authored-by: Zaira <33151350+zairahira@users.noreply.github.com> Co-authored-by: moT01 <20648924+moT01@users.noreply.github.com> Co-authored-by: Ilenia <26656284+ilenia-magoni@users.noreply.github.com> Co-authored-by: Dario-DC <105294544+Dario-DC@users.noreply.github.com>,373,5,378
freeCodeCamp/freeCodeCamp,6bdb4e8170a99729b477fff6396329019a905244,Jessica Wilkins,2025-07-09T13:03:25Z,feat(curriculum): add tailwind css shopping cart lab (#61096)  Co-authored-by: Dario-DC <105294544+Dario-DC@users.noreply.github.com>,668,0,668
freeCodeCamp/freeCodeCamp,2382a2e5c62bfc7cc2020b90f10c533f1a7e9e0d,Jessica Wilkins,2025-07-09T09:07:23Z,chore: adding semantic html redirects (#61162),40,0,40
freeCodeCamp/freeCodeCamp,1a7e169d600c5c61163692d7cae1b39a681f0b2c,c0d1ng_ma5ter,2025-07-09T08:43:09Z,fix(curriculum): Make colored boxes lab pass without semicolons (#61257),4,4,8
freeCodeCamp/freeCodeCamp,20aa972fd601401a33bfad077b64e305ed3d1d22,Oliver Eyton-Williams,2025-07-09T05:48:17Z,chore(deps): update curriculum-helpers to 5.3.0 (#61237),6,6,12
freeCodeCamp/freeCodeCamp,0c6222cd702f5296a023d31fcf4979d03e35cd7d,Tom,2025-07-08T21:27:11Z,fix(challenge-helpers): add template for generic challenge (#61249),18,2,20
freeCodeCamp/freeCodeCamp,76f7d08454c6e1538dc39cc86967270cdb8f0ed6,Baibhav Mandal,2025-07-08T08:16:16Z,chore: updated tests to use specific asserts in magazine workshop steps 31-37 (#61245),10,10,20
freeCodeCamp/freeCodeCamp,0cb90825020467e7940b142752751fbf50334f7b,dev-kamil,2025-07-07T23:51:25Z,fix(curriculum): add missing sentence about email validation in Client-Side Form Validation (#61201)  Co-authored-by: Ilenia <26656284+ilenia-magoni@users.noreply.github.com>,3,1,4
freeCodeCamp/freeCodeCamp,747b0be765365d11577b324a8c1e3c0811aab4ff,Supravisor,2025-07-07T17:14:21Z,fix(curriculum): typo in Troubleshoot on Github (#61234),1,1,2
freeCodeCamp/freeCodeCamp,985c1c8b91fae44e18ba6528aa3331138baf2f2b,Clarence Bakosi,2025-07-07T17:05:23Z,fix(curriculum): typo in learn how to use adjectives in conversations (#61239),1,1,2
freeCodeCamp/freeCodeCamp,050d3c0550f6d09b4424f206a344445a98883f0e,Mohammed Omair Mohiuddin,2025-07-07T14:52:53Z,chore(curriculum): update asserts in magazine workshop steps 26-30 (#61221),13,13,26
freeCodeCamp/freeCodeCamp,0f56d42481ea0707501df6d5f47504a485cade1e,DanielRosa74,2025-07-07T13:51:12Z,feat(curriculum): set isUpcomingChange flag to false to block 24 of the B1 certification of the English Curriculum (#61243),1,1,2
freeCodeCamp/freeCodeCamp,0555dc7737e4e5fc5afaee3d7c9c42c7e810f187,freeCodeCamp's Camper Bot,2025-07-07T13:48:13Z,"chore(i18n,client): processed translations (#61241)",239,49,288
freeCodeCamp/freeCodeCamp,1d70c0de364a4fec9575ec76c604b4db280418aa,DanielRosa74,2025-07-07T13:07:01Z,feat(curriculum): add Block 24 of the B1 stage of the English Curriculum (#60633),15880,23,15903
freeCodeCamp/freeCodeCamp,2a7b220a4f4ddaa485ce2078fd92fb50516e8f2b,Oliver Eyton-Williams,2025-07-07T10:46:09Z,feat: support beforeEach and afterEach (#60921)  Co-authored-by: Shaun Hamilton <shauhami020@gmail.com>,549,165,714
freeCodeCamp/freeCodeCamp,38cd1727e4fcc07522f3314e62ccea542132c380,ManasB1857,2025-07-07T07:45:05Z,fix: capitalize CSS in flexbox quiz question for consistency (#61219),1,1,2
freeCodeCamp/freeCodeCamp,e49341c147c6c430bb3fc3aed169e0a9bbfbd026,DanielRosa74,2025-07-06T20:36:15Z,feat(curriculum): set isUpcomingChange flags to false to block 21-23 of the B1 certification of the English Curriculum (#61233),3,3,6
freeCodeCamp/freeCodeCamp,caf6f27ed2e01150da833c3e4149650611268970,Anastasiia,2025-07-06T19:36:39Z,feat(curriculum): add English Curriculum Block 20 (#60061)  Co-authored-by: Nielda Karla <90112119+nieldakarla@users.noreply.github.com>,16311,23,16334
freeCodeCamp/freeCodeCamp,89273f065a6fdff19948dcc1c7018d28961d7a8c,Anastasiia,2025-07-06T16:59:17Z,feat(curriculum): add English Curriculum Block 23 (#60790)  Co-authored-by: DanielRosa74 <58576743+DanielRosa74@users.noreply.github.com> Co-authored-by: miyaliu666 <miyaliu66666@gmail.com>,14906,22,14928
freeCodeCamp/freeCodeCamp,91f2e6859c5df192fba6d0eb6f3714669513fff2,SujanThapa,2025-07-04T19:46:37Z,fix(curriculum): correct 'ecommerce' to 'e-commerce' for consistency (#61208),1,1,2
freeCodeCamp/freeCodeCamp,573224fe044fa2ed43d58f67fbf7ed26901fca9f,Ajay A,2025-07-04T13:16:01Z,fix(curriculum):strengthen draw condition check test in tic-tac-toelab (#60960)  Co-authored-by: Oliver Eyton-Williams <ojeytonwilliams@gmail.com>,63,47,110
freeCodeCamp/freeCodeCamp,637fb3765c496aafe673267b645ce7ced1e5567b,Dario-DC,2025-07-04T10:12:07Z,chore(deps): update curriculum helpers to v5.0.0 (#61196),86,84,170
freeCodeCamp/freeCodeCamp,ad152a87d53547b881128a79259e818c342cb95d,sskiragu,2025-07-04T03:37:22Z,fix(ui): correct h1 size on review pages (#61073),1,1,2
freeCodeCamp/freeCodeCamp,3bb8f315fd9bfc75e0d3130485fa9d6b7a663577,miyaliu666,2025-07-03T21:07:29Z,feat(curriculum): Add English tasks B1 Block 22 (#61032)  Co-authored-by: DanielRosa74 <58576743+DanielRosa74@users.noreply.github.com> Co-authored-by: Anastasiia <109740924+anastasiiauk@users.noreply.github.com>,15831,61,15892
freeCodeCamp/freeCodeCamp,8945a1a814e742c1496724b5120fac258d478c8f,miyaliu666,2025-07-03T14:02:01Z,feat(curriculum): Add English tasks B1 Block 19 (#60375),16325,62,16387
freeCodeCamp/freeCodeCamp,7ae0c4cc83c5d29815495cb23b78239e5f60be92,Tom,2025-07-03T05:45:12Z,fix(tools): challenge-editor (#60856),32,2,34
freeCodeCamp/freeCodeCamp,7de65597582f4265d29097867e2384c2d33297e0,freeCodeCamp's Camper Bot,2025-07-02T16:53:06Z,"chore(i18n,learn): update i18n-curriculum submodule (#61188)",1,1,2
freeCodeCamp/freeCodeCamp,0d3b23d2ad993cdd8e79016626d03d5795a85e09,Giftea ☕,2025-07-02T16:10:08Z,chore(curriculum): update section markers to correct format (#61185),20,20,40
freeCodeCamp/freeCodeCamp,3e1566d4bdad3cbba72bdb0f974ba544c42f743b,Clarence Bakosi,2025-07-02T16:07:49Z,chore(learn): fix typo Introduction (#61182),2,2,4
freeCodeCamp/freeCodeCamp,20d9bf03504a6109ae451f56ce8077d69931de0d,Alex Goldsmith,2025-07-02T16:07:06Z,fix(curriculum): add .trim() to innerText for workshop-cat-photo-app (#61165),26,26,52
freeCodeCamp/freeCodeCamp,415bf115436121b51bd22ddee77f705a1f0bb943,Ilenia,2025-07-02T15:42:15Z,feat(curriculum): add pin-extractor workshop to FS (#60925)  Co-authored-by: Dario-DC <105294544+Dario-DC@users.noreply.github.com> Co-authored-by: Zaira <33151350+zairahira@users.noreply.github.com>,1379,4,1383
freeCodeCamp/freeCodeCamp,3fa13828e2fa0c183c2430766d830bd434ba9818,Jessica Wilkins,2025-07-02T15:38:12Z,feat(curriculum): add curriculum warning msg component (#60876)  Co-authored-by: dev-kamil <54180588+dev-kamil@users.noreply.github.com> Co-authored-by: Kolade Chris <65571316+Ksound22@users.noreply.github.com> Co-authored-by: Dario-DC <105294544+Dario-DC@users.noreply.github.com>,1303,0,1303
freeCodeCamp/freeCodeCamp,1f76ac71a42a69a827e51233d33e2f5fab660adc,Sem Bauke,2025-07-02T15:18:23Z,feat(client): exam environment download page (#57325)  Co-authored-by: Shaun Hamilton <shauhami020@gmail.com>,252,8,260
freeCodeCamp/freeCodeCamp,f6107116e8ae610d68c975fc2f6eded410857b77,Zaira,2025-07-02T15:18:01Z,chore(curriculum): audit bash scripting quiz (#60462),23,23,46
freeCodeCamp/freeCodeCamp,4f0cd7aee33fbb8cf3463ac6e605730b267cb47a,Jessica Wilkins,2025-07-02T15:08:57Z,refactor(curriculum): update higher order function workshop to break down steps further (#60435)  Co-authored-by: Kolade Chris <65571316+Ksound22@users.noreply.github.com>,1455,372,1827
freeCodeCamp/freeCodeCamp,e2ec2c14b4f702fd0a97908eb54831742a762209,freeCodeCamp's Camper Bot,2025-07-02T13:07:40Z,"chore(i18n,client): processed translations (#61187)",336,94,430
freeCodeCamp/freeCodeCamp,e3e8fadd3bccd68cddc0385936ad90885bb8b420,Shaun Hamilton,2025-07-02T09:00:09Z,refactor(tools): remove screenshot-service (#61172),0,1537,1537
freeCodeCamp/freeCodeCamp,331f70da45cc56f6f3c8ee878de0c9f3f8c33b69,Aaron Lopez,2025-07-02T00:33:11Z,chore: update steps 20-21 in workshop-magazine to use specific assert methods (#61158),12,12,24
freeCodeCamp/freeCodeCamp,d82e1b98a55072f6807a53d7ff21939e5627ea2b,Zaira,2025-07-01T16:36:52Z,feat(curriculum): add otp generator (#59121)  Co-authored-by: Naomi <accounts+github@nhcarrigan.com> Co-authored-by: Tom <20648924+moT01@users.noreply.github.com> Co-authored-by: Oliver Eyton-Williams <ojeytonwilliams@gmail.com>,449,1,450
freeCodeCamp/freeCodeCamp,3877fd6d8f81189ec1db8644023a69ebd1f7e7f3,Jessica Wilkins,2025-07-01T16:29:39Z,chore(curriculum): reorganize semantic html lectures (#61112),127,40,167
freeCodeCamp/freeCodeCamp,50482f5ccd97fe69d1d56e5359de7b6796daff46,Tom,2025-07-01T15:34:32Z,fix(curriculum): typo in daily challenge (#61174),1,1,2
freeCodeCamp/freeCodeCamp,9418eadfe962250f29a2cfadaf3b4d1dffee356a,aliya mahaboob,2025-07-01T12:07:49Z,chore(curriculum): update magazine workshop steps 22–23 to use specific assert methods (#61154),46,12,58
freeCodeCamp/freeCodeCamp,b5f2115a7910feed24325471b6097387c5c7ded2,Kolade Chris,2025-06-30T16:39:28Z,feat(curriculum): add binary search workshop (#60727)  Co-authored-by: Jessica Wilkins <67210629+jdwilkin4@users.noreply.github.com> Co-authored-by: Dario-DC <105294544+Dario-DC@users.noreply.github.com>,945,2,947
freeCodeCamp/freeCodeCamp,883286c242cb4c88fd86f816f8bb85c93ffe26c5,freeCodeCamp's Camper Bot,2025-06-30T16:19:06Z,"chore(i18n,learn): update i18n-curriculum submodule (#61157)",1,1,2
freeCodeCamp/freeCodeCamp,1b8945f993a33818c6c5e3d5bde7596b839e8d80,Stephen Mutheu Muya,2025-06-30T15:46:59Z,fix(curriculum): update lab page of playing cards test. (#61144)  Co-authored-by: Ilenia <26656284+ilenia-magoni@users.noreply.github.com>,7,1,8
freeCodeCamp/freeCodeCamp,1b4af50a75df6640fbbef8f1696a3863225cccb7,Alex Goldsmith,2025-06-30T15:45:55Z,fix(curriculum): add .trim() to innerText assertions (#61109),9,9,18
freeCodeCamp/freeCodeCamp,f81857068b2b42e16ec83e814984ce69d844d162,freeCodeCamp's Camper Bot,2025-06-30T14:11:30Z,"chore(i18n,client): processed translations (#61151)",690,106,796
freeCodeCamp/freeCodeCamp,502ca94e5a723b019e8ba52ec9fa04697f0e2730,Anish Kamath,2025-06-30T06:54:24Z,fix(curriculum): updated assert method for steps 8-9 of workshop-magazine to use specific asserts (#61110),11,11,22
freeCodeCamp/freeCodeCamp,ee6b4ab943f5016efb12f9647daca9622886ee77,Arjit,2025-06-30T04:43:44Z,fix(learn): show answer for quiz questions in Full stack curriculum (#61117),1,0,1
freeCodeCamp/freeCodeCamp,c19a22a695321523d72d8821fc7e60baa93bd893,keerthan kodi,2025-06-30T04:07:38Z,chore(curriculum): update specific asserts in magazine workshop steps 10-11-12 (#61113)  Co-authored-by: Ilenia <26656284+ilenia-magoni@users.noreply.github.com>,10,10,20
freeCodeCamp/freeCodeCamp,5c61f3e3e053048030753cc34a022d6202d7f208,E Satya Sundar Patra,2025-06-29T05:08:35Z,"fix(curriculum): update workshop-magazine steps 13,18 to use specific asserts (#61120)",14,14,28
freeCodeCamp/freeCodeCamp,4865efb3fa3a70044cb4967a91713e59ddde1382,Dario-DC,2025-06-28T18:41:15Z,chore(curriculum): replace find_case_body helper (#61107),13,13,26
freeCodeCamp/freeCodeCamp,b2ea6bdea357cd02be19f77bd129f7f0e116e81c,Teklu Abayneh,2025-06-28T17:14:03Z,chore:  update asserts in step 19 tests (#61118),13,13,26
freeCodeCamp/freeCodeCamp,b7b02ee1590b2ec1402eb5e33d985eb4a06c3481,Ahmad Abdolsaheb,2025-06-27T19:52:36Z,feat(client): independent lower jaw ab test (#61085)  Co-authored-by: Shaun Hamilton <shauhami020@gmail.com>,344,51,395
freeCodeCamp/freeCodeCamp,ecd5582ed9f0991e74ccd71bcf713f0f10c6332b,Giftea ☕,2025-06-27T19:39:15Z,fix(curriculum): update quiz questions to focus on React keys and lists (#61070)  Co-authored-by: Huyen Nguyen <25715018+huyenltnguyen@users.noreply.github.com>,15,15,30
freeCodeCamp/freeCodeCamp,9d0b78496c47fafdcdaee0b6edfaa4bb908a7736,MISHRA ANUBHAV,2025-06-27T17:27:50Z,fix(curriculum): rename get-weather button id to get-weather-btn (#61106),20,20,40
freeCodeCamp/freeCodeCamp,97c4f45dd550757e106f256e88a9e5f9c05ae8e2,Giftea ☕,2025-06-27T17:08:02Z,chore(curriculum): add domain variety to email masking visible tests (#61069),14,0,14
freeCodeCamp/freeCodeCamp,fefbfd7c588253d8fcbfe649b4f988cda38a1c30,Giftea ☕,2025-06-27T17:05:02Z,chore(curriculum): update setPowers instructions in Build Superhero App Form workshop (#61108)  Co-authored-by: Ilenia <26656284+ilenia-magoni@users.noreply.github.com>,2,2,4
freeCodeCamp/freeCodeCamp,63a0676412a83f8df0a2d45478fa9424a8a40501,Hassan Waqar,2025-06-27T16:32:42Z,fix(curriculum): allow optional semicolon in Card component return statement (#61055)  Co-authored-by: Hassan Waqar <hassanwaqar@ITs-MacBook-Pro.local>,1,1,2
freeCodeCamp/freeCodeCamp,a456a1cbfa155fb90dfb531154115892782287b2,Oliver Eyton-Williams,2025-06-27T16:06:00Z,feat(client): don't show tailwind warning to learners (#61103),18,3,21
freeCodeCamp/freeCodeCamp,d98d5f120a35179009b9cdaaad1c2e60fff8df4d,Supravisor,2025-06-27T13:00:15Z,fix(curriculum): reword question in passing props React lecture (#61075)  Co-authored-by: Huyen Nguyen <25715018+huyenltnguyen@users.noreply.github.com>,2,2,4
freeCodeCamp/freeCodeCamp,68e829f097447c113d5d9251d51e9014f2198724,Supravisor,2025-06-27T12:49:16Z,fix(curriculum): clarify user story in fCC Forum Leaderboard (#61074)  Co-authored-by: Huyen Nguyen <25715018+huyenltnguyen@users.noreply.github.com>,1,1,2
freeCodeCamp/freeCodeCamp,12dea37cbb0e57685016617ad344fecdf873c29f,Anastasiia,2025-06-27T11:27:05Z,feat(curriculum): add review tasks to block 8 of the A2 curriculum (#61102),570,473,1043
freeCodeCamp/freeCodeCamp,f1db7ba8e2ab4cebe91ae73c3062e67bb5210c0c,Anastasiia,2025-06-27T11:26:23Z,feat(curriculum): add review tasks to block 7 of the A2 curriculum (#61093),686,220,906
freeCodeCamp/freeCodeCamp,74db899ef40ce732372d3ae5a307a3429742fd13,Anastasiia,2025-06-27T11:22:33Z,feat(curriculum): add review tasks to block 9 of the A2 curriculum (#61105),659,223,882
freeCodeCamp/freeCodeCamp,7920376a5f5b748946e8ff1ca63400c5ca5ec0e3,Tanmay Gautam,2025-06-27T03:46:20Z,fix(curriculum): Corrected Grammar in CSS Layouts and Effects Review Page (#61077),2,2,4
freeCodeCamp/freeCodeCamp,3af161450fe35692dd7d3e1d67ca426756c2a7cd,Tom,2025-06-26T20:08:36Z,"feat(curriculum, client): add catalog (#60951)",1504,12,1516
freeCodeCamp/freeCodeCamp,10e3004403971dc50298fc5933d64ba81d9ed4f1,Estefania Cassingena Navone,2025-06-26T17:18:42Z,fix(curriculum): update grid-column and grid-row lecture (#61092),1,1,2
freeCodeCamp/freeCodeCamp,0b1658557a7e0e3ef08831429e09bf4a15dd07b5,Anastasiia,2025-06-26T16:49:35Z,feat(curriculum): add review tasks to block 16 of the A2 curriculum (#61000),250,553,803
freeCodeCamp/freeCodeCamp,e7cd4c230c49cd0f6b2b498e3de390e113b21c96,Anastasiia,2025-06-26T16:46:34Z,feat(curriculum): add review tasks to block 15 of the A2 curriculum (#60998),355,91,446
freeCodeCamp/freeCodeCamp,eab910134f50fb145a7c08fd491f74aa899733fc,Anastasiia,2025-06-26T16:38:51Z,feat(curriculum): add review tasks to block 14 of the A2 curriculum (#60997),354,94,448
freeCodeCamp/freeCodeCamp,3415f0886f6c12d4a97aaca69230944c493efda3,Anastasiia,2025-06-26T16:36:25Z,feat(curriculum): add review tasks to block 13 of the A2 curriculum (#60994),400,142,542
freeCodeCamp/freeCodeCamp,2cbd0bb6e43f65a9996991d4982188c3b9e78e25,Anastasiia,2025-06-26T14:29:35Z,feat(curriculum): add review tasks to block 27 of the A2 curriculum (#61087),338,70,408
freeCodeCamp/freeCodeCamp,2285f56aa96cdfbe8ea39c53341056d6e499d4d7,Anastasiia,2025-06-26T14:29:12Z,feat(curriculum): add review tasks to block 26 of the A2 curriculum (#61086),354,210,564
freeCodeCamp/freeCodeCamp,56e21ddeae4f9322672e1eaecb32b9f57edc95c9,Anastasiia,2025-06-26T14:27:54Z,feat(curriculum): add review tasks to block 25 of the A2 curriculum (#61068),456,106,562
freeCodeCamp/freeCodeCamp,0f59b2223cdda7fddb8d6aa567026d4d64873dd5,Anastasiia,2025-06-26T14:27:14Z,feat(curriculum): add review tasks to block 24 of the A2 curriculum (#61064),334,76,410
freeCodeCamp/freeCodeCamp,0f132a3dec179cc2ba013e31ed3adf23ae5ef418,Anastasiia,2025-06-26T14:26:37Z,feat(curriculum): add review tasks to block 23 of the A2 curriculum (#61033),341,55,396
freeCodeCamp/freeCodeCamp,f3b66c9e1093bdf19687500447d0b952b2e8d3fb,Anastasiia,2025-06-26T14:25:57Z,feat(curriculum): add review tasks to block 22 of the A2 curriculum (#61030),331,275,606
freeCodeCamp/freeCodeCamp,aa71253ce958a1d8860c5a5805363d5dcd69bfc0,Anastasiia,2025-06-26T14:25:28Z,feat(curriculum): add review tasks to block 21 of the A2 curriculum (#61026),72,507,579
freeCodeCamp/freeCodeCamp,efec05898ea445a90579efefb0e7eb3d73aeb604,Anastasiia,2025-06-26T14:24:46Z,feat(curriculum): add review tasks to block 20 of the A2 curriculum (#61025),74,489,563
freeCodeCamp/freeCodeCamp,4275413680abe4a804f2ee4ced5fee55521d5311,Anastasiia,2025-06-26T14:23:49Z,feat(curriculum): add review tasks to block 19 of the A2 curriculum (#61016),80,471,551
freeCodeCamp/freeCodeCamp,6de6414059a463484eb6f048e3e1339a343d3de9,Anastasiia,2025-06-26T14:22:51Z,feat(curriculum): add review tasks to block 18 of the A2 curriculum (#61014),103,392,495
freeCodeCamp/freeCodeCamp,bd98eaf365ee1838e112e69b5bda20f0da52a3a6,Stephen Mutheu Muya,2025-06-26T13:10:32Z,"fix(curriculum): change question, answer and distractor in quiz sematic html (#60715)  Co-authored-by: Huyen Nguyen <25715018+huyenltnguyen@users.noreply.github.com> Co-authored-by: Krzysztof G. <60067306+gikf@users.noreply.github.com>",7,7,14
freeCodeCamp/freeCodeCamp,9e6a097da95e238c15e34a6f2f62d67b9ec7d2de,Giftea ☕,2025-06-26T12:43:01Z,fix(curriculum): Add note and example for script element in step 5 of storytelling workshop  (#61072),6,0,6
freeCodeCamp/freeCodeCamp,9b666dc60fd81cb10fe874ac7158534e28745470,freeCodeCamp's Camper Bot,2025-06-25T17:31:02Z,"chore(i18n,learn): update i18n-curriculum submodule (#61062)",1,1,2
freeCodeCamp/freeCodeCamp,5ae2e3eca701192b1e528f02f894d77ddbd079eb,Tom,2025-06-25T16:49:04Z,"chore(deps,api): update date-fns and add date-fns-tz (#61048)",33,27,60
freeCodeCamp/freeCodeCamp,98326d266f495fb1d4fc5f836bebcb35d9571da7,Anastasiia,2025-06-25T15:51:47Z,feat(curriculum): add review tasks to block 12 of the A2 curriculum (#60977)  Co-authored-by: Nielda Karla <90112119+nieldakarla@users.noreply.github.com>,670,208,878
freeCodeCamp/freeCodeCamp,6848da8320fe4b57cd08e99a9233e6c81a0141d8,Mrugesh Mohapatra,2025-06-25T14:13:44Z,"Merge commit from fork  httpOnly (invisible to JS) and secure (https only) are now used. In order to update existing users without requiring them to re-authenticate, each request sets those properties on the cookie.  Finally, the maxAge is now 30 days and is also updated on each request. i.e. it's a rolling 30 days.  Co-authored-by: Oliver Eyton-Williams <ojeytonwilliams@gmail.com>",65,27,92
freeCodeCamp/freeCodeCamp,acd5508831ea9a9ac15d0b2e181cc4d12b5a5702,freeCodeCamp's Camper Bot,2025-06-25T13:53:19Z,"chore(i18n,client): processed translations (#61057)",100,30,130
freeCodeCamp/freeCodeCamp,6c71f96b3fbec27c5cc0ff23faea48aa8a47d900,Nielda Karla,2025-06-25T12:09:54Z,Feat(curriculum): Replace summary tasks by review tasks to Blocks 17 A2 curriculum (#60819),88,477,565
freeCodeCamp/freeCodeCamp,551aa5ac01f4a88ca400b0e0f814b7a0e5e64bde,Anastasiia,2025-06-25T12:09:37Z,feat(curriculum): add review tasks to block 11 of the A2 curriculum (#60967),694,256,950
freeCodeCamp/freeCodeCamp,0e3c840d13fe260fda42aa4da68904b7ceae8494,Anastasiia,2025-06-25T12:09:21Z,feat(curriculum): add review tasks to block 10 of the A2 curriculum (#60963),771,307,1078
freeCodeCamp/freeCodeCamp,021a6b4ff52c46328c4dead4ae964c1e1cfec948,Anna,2025-06-25T10:52:01Z,fix(client): update pokemon url redirect (#61018),1,1,2
freeCodeCamp/freeCodeCamp,d62e1f92117bc7fa29221d7d1e67c32141d789d3,Ravi Kant,2025-06-25T10:04:26Z,fix(curriculum): update wording in HTML Accessibility quiz (#61046),5,5,10
freeCodeCamp/freeCodeCamp,0acad8c464a40cb5f46fefb36d91e76c1c5f7b82,Hassan Waqar,2025-06-25T09:26:15Z,fix(curriculum): add missing transcript for React components video (#61042)  Co-authored-by: Hassan Waqar <hassanwaqar@ITs-MacBook-Pro.local> Co-authored-by: Ilenia <26656284+ilenia-magoni@users.noreply.github.com>,1,0,1
freeCodeCamp/freeCodeCamp,87c274a9ef170218b88e9b6a1ddd030f9c64de2d,Oliver Eyton-Williams,2025-06-25T06:30:24Z,feat(api): allow HOME_LOCATION origin in development (#61003),18,13,31
freeCodeCamp/freeCodeCamp,a81293c52088b942a38541ca030984be748eaec2,Anna,2025-06-25T06:27:57Z,fix(client): add html media lecture redirections (#61022),36,0,36
freeCodeCamp/freeCodeCamp,dd6117d4e657e7963e734cb84d2ba58a607622f3,Huyen Nguyen,2025-06-25T03:57:02Z,chore(deps): upgrade @freecodecamp/ui to v4.2.0 (#60919),102,95,197
freeCodeCamp/freeCodeCamp,e7d83013e090b685434500e067309f0dabfa509d,Abubakr Rizan,2025-06-24T19:45:38Z,fix(curriculum):updated test cases in gradebook-app (#61039),24,0,24
freeCodeCamp/freeCodeCamp,7058bf5320815d02b0d05fbcf96bf9499829423a,hassanwaqa,2025-06-24T18:36:40Z,fix(curriculum): add missing backticks and fix wording in reusable navbar step 7 (#61043)  Co-authored-by: Hassan Waqar <hassanwaqar@ITs-MacBook-Pro.local>,4,4,8
freeCodeCamp/freeCodeCamp,d2ff15ef140467b573ece4d466e471854fd73081,sskiragu,2025-06-24T14:49:05Z,fix(curriculum): correct grammar in semantic HTML lesson (#61037),1,1,2
freeCodeCamp/freeCodeCamp,efbdec0fe2df725c2debd94b6872f7dfa23417eb,Abubakr Rizan,2025-06-24T07:34:17Z,fix(curriculum): updated transcript in memoization (#61019),1,1,2
freeCodeCamp/freeCodeCamp,52361d13063e4a44b5f48f48aa5ee59ce5fa7532,Supravisor,2025-06-24T05:24:53Z,fix(curriculum): typo in Troubleshoot Github (#61023),1,1,2
freeCodeCamp/freeCodeCamp,9d05f06df3d84843199367b67bd5ef867d332e18,DanielRosa74,2025-06-23T21:13:23Z,fix(curriculum): fix typo in scene-assets.js (#61021),1,1,2
freeCodeCamp/freeCodeCamp,7c1de6975ef99df6c7321298d60a7f6feded4622,hassanwaqa,2025-06-23T18:04:01Z,chore(curriculum): update two tests to use specific assert (#61006)  Co-authored-by: Hassan Waqar <hassanwaqar@ITs-MacBook-Pro.local>,11,4,15
freeCodeCamp/freeCodeCamp,b25c5eb780140b52b1881832dbe2d66809df49e4,hassanwaqa,2025-06-23T17:28:43Z,fix(curriculum): correct typos in semantic HTML content (#61004)  Co-authored-by: Hassan Waqar <hassanwaqar@ITs-MacBook-Pro.local>,4,4,8
freeCodeCamp/freeCodeCamp,1b2d25d697b181daeaefae78d660701f53bb9437,Clarence Bakosi,2025-06-23T16:40:20Z,chore(curriculum): change to US spelling Fulfill (#60927),1,1,2
freeCodeCamp/freeCodeCamp,174555f1d40ae9684b6b0d43581995117c3fe59a,Riya Sharma,2025-06-23T16:38:40Z,fix(curriculum): remove 'both' from hotel feedback form step 24 instruction (#60968),2,2,4
freeCodeCamp/freeCodeCamp,65d88e56b161bae28669a84a1c1f369ce1cef632,Giftea ☕,2025-06-23T16:17:07Z,chore(curriculum): change to US spelling maximize (#60911),8,8,16
freeCodeCamp/freeCodeCamp,170df37c8b0ad9b9989125d00951a553bca237ac,Anuj Nayak,2025-06-23T16:14:15Z,chore(curriculum): update two tests to use specific asserts (#60981),15,4,19
freeCodeCamp/freeCodeCamp,0691983b3410f0a911c408dac1966c90fc3ef0fd,freeCodeCamp's Camper Bot,2025-06-23T15:51:56Z,"chore(i18n,learn): update i18n-curriculum submodule (#61010)",1,1,2
freeCodeCamp/freeCodeCamp,357cc504bde949d5be4645af69e551b5aecff648,Ahmad Abdolsaheb,2025-06-23T15:40:13Z,Test adding transcript tabs to lectures (#60948),95,11,106
freeCodeCamp/freeCodeCamp,4e38cb36eb885ae6e1e81ac33612bc24a5072c95,freeCodeCamp's Camper Bot,2025-06-23T14:02:51Z,"chore(i18n,client): processed translations (#61001)",460,130,590
freeCodeCamp/freeCodeCamp,723be55e627f2b3bdde46be2e74c8dfedae49e33,Huyen Nguyen,2025-06-23T13:53:33Z,fix(a11y): add editor name to editor aria-label (#60529),35,12,47
freeCodeCamp/freeCodeCamp,cb231abaaa1aad3e28669a9ffbea816b30cd281d,Ahmad Abdolsaheb,2025-06-23T13:40:38Z,fix: make landing e2e test specific (#60893),13,9,22
freeCodeCamp/freeCodeCamp,8a4603b0b7395c6f70c44b62c9cb58e466212704,Oliver Eyton-Williams,2025-06-23T13:26:34Z,chore(deps): update normalize-url (#60912),3,3,6
freeCodeCamp/freeCodeCamp,7738459bd6a7d49cb2000cdcd9ce0ab7312368de,Ilenia,2025-06-23T13:25:36Z,feat: add luhn algorithm lab to FS (#60903)  Co-authored-by: Dario-DC <105294544+Dario-DC@users.noreply.github.com>,195,4,199
freeCodeCamp/freeCodeCamp,722131407b9fea75122e8b5f1784f3d76dba674c,Oliver Eyton-Williams,2025-06-23T13:15:26Z,fix(api): duplicate reply on error in /daily-coding-challenge-completed (#60999),1,0,1
freeCodeCamp/freeCodeCamp,d5a930803c2f312eaa9c6b5f9f66a82078d8a2cc,Yash Urade,2025-06-23T12:38:44Z,chore(curriculum): update steps 5–7 in magazine workshop to use specific asserts (#60979),13,13,26
freeCodeCamp/freeCodeCamp,2aef0099afb5a1b7c20e7507d2b116f742155ad3,Mrugesh Mohapatra,2025-06-23T08:58:22Z,revert: clean up dockerfiles (#60996),11,10,21
freeCodeCamp/freeCodeCamp,013c13c6766a2020887d56d1dab3190ccc958b11,Oliver Eyton-Williams,2025-06-23T07:46:17Z,fix(docker): clean up dockerfiles (#60947),10,11,21
freeCodeCamp/freeCodeCamp,700aa1182d50105841963f5834f69a2e7d9ff810,Adarsh Gupta,2025-06-23T06:27:51Z,fix(curriculum): add backticks to double not notation in quiz-basic-html (#60976),1,1,2
freeCodeCamp/freeCodeCamp,db92673f0cc3d5d6b6efbbdcf3184acd86420058,Nishi Surti,2025-06-23T04:28:33Z,chore(curriculum): remove unused .green class from global.css (#60982),0,4,4
freeCodeCamp/freeCodeCamp,9f5a98578b2d2bd3260dd51a7072f26b540cf90b,Tanish Valesha,2025-06-22T19:16:47Z,fix(curriculum): correct 'such us' to 'such as' (#60987),1,1,2
freeCodeCamp/freeCodeCamp,4c93c696dd70cc4f33935a0751523e0b661aa74a,Shobhit,2025-06-21T22:33:04Z,fix(curriculum): correct font-size answer in cascade of CSS lesson (#60928),2,2,4
freeCodeCamp/freeCodeCamp,d99a2bbf98c7cd637d95f3b168870585f817b7f3,Jessica Wilkins,2025-06-21T07:31:59Z,feat(curriculum): adding Debug a Pet Adoption Page lab (#60917),187,30,217
freeCodeCamp/freeCodeCamp,c983a1e576bcdb8055a759df2fd03e2b0a048862,garv sharma,2025-06-21T01:11:21Z,fix: corrected swapped content lines in CSS layout quiz (#60958)  Co-authored-by: garv <garvsharma2001@.gmail.com>,2,2,4
freeCodeCamp/freeCodeCamp,d46dd8a13f10e6a8ed06ca0fecc847d8468ced10,manthansubhash01,2025-06-20T17:34:42Z,chore(curriculum): use specific assert methods in workshop tests steps 2-3-4 (#60955),15,15,30
freeCodeCamp/freeCodeCamp,88e685ddca3a273650e92c3b24a5a76e11c1512a,Livingstone Asabahebwa,2025-06-20T17:20:21Z,fix(curriculum): allow for new lines in element text in Design a Movie Review Page (#60933),3,3,6
freeCodeCamp/freeCodeCamp,7091c5b0edeac4dfcd081cf495c5ffc4fc7c57ac,Dan Olver,2025-06-20T16:10:34Z,fix(UI): update to strictly equals (#60950),1,1,2
freeCodeCamp/freeCodeCamp,aa78ee52ae1d2d4ebfce7ec2c0570b76889c43cd,Ajay A,2025-06-20T11:10:28Z,feat(curriculum): update lunch picker test to prevent mutation (#60145)  Co-authored-by: Ilenia <26656284+ilenia-magoni@users.noreply.github.com>,35,7,42
freeCodeCamp/freeCodeCamp,3099a8844cedf9a5c953f10ac9c8e6fe24cca3ef,Jessica Wilkins,2025-06-20T10:34:31Z,chore(curriculum): break up and reorganize HTML media lectures (#60930)  Co-authored-by: Dario-DC <105294544+Dario-DC@users.noreply.github.com>,80,22,102
freeCodeCamp/freeCodeCamp,3e64e45bc561837604218bb08a40ec6914247af3,Jessica Wilkins,2025-06-20T08:35:38Z,fix(curriculum): missing note in JS A11y (#60940),6,0,6
freeCodeCamp/freeCodeCamp,11d22be2dd889e297a114b05922272933f060a88,Vishnu D,2025-06-19T11:05:11Z,fix(curriculum): replace unrelated HTML defer/async question with a new one (#60855)  Co-authored-by: Krzysztof G. <60067306+gikf@users.noreply.github.com> Co-authored-by: Huyen Nguyen <25715018+huyenltnguyen@users.noreply.github.com>,8,8,16
freeCodeCamp/freeCodeCamp,4a5bd91a52c2785edea16ea25c8db45b7b1dd3f9,Aishwarya,2025-06-18T23:42:11Z,fix(curriculum): update the tests and instructions of the step 24 workshop accessibility quiz challenge  (#60766),13,1,14
freeCodeCamp/freeCodeCamp,2783b7365184d2c37c84a51944690427969e57a7,Ritika shrestha,2025-06-18T21:36:07Z,chore(curriculum): update tests to use specific asserts in cat painting (#60862),10,10,20
freeCodeCamp/freeCodeCamp,e725238fcadc3b8ad5d5541894f34d341240cb02,Abhilashini A J,2025-06-18T20:39:17Z,chore(curriculum): update selector references (#60908),7,7,14
freeCodeCamp/freeCodeCamp,4dd4f2ef20126b40f9c749de61677defebd68561,Supravisor,2025-06-18T19:51:17Z,fix(curriculum): return empty string in Reusable Profile Card Component (#60801),10,1,11
freeCodeCamp/freeCodeCamp,6c6d22017b683ededc4dede57c851a49c5ab5a7c,Tom,2025-06-18T18:29:49Z,feat: add daily challenge seed script (#60506)  Co-authored-by: Oliver Eyton-Williams <ojeytonwilliams@gmail.com>,401,60,461
freeCodeCamp/freeCodeCamp,60ed8dd4d37b92ff4f3b3fede2a475e6108bab73,freeCodeCamp's Camper Bot,2025-06-18T17:10:10Z,"chore(i18n,learn): update i18n-curriculum submodule (#60924)",1,1,2
freeCodeCamp/freeCodeCamp,92e9ae9e7815be142d59e9d81eb7455c5a296aba,Huyen Nguyen,2025-06-18T15:40:27Z,test(external curricula): run test on all chapters and modules (#60913),16,28,44
freeCodeCamp/freeCodeCamp,e2b9a5e606bb9419fa16cbdb540da3735c908fd0,freeCodeCamp's Camper Bot,2025-06-18T14:09:34Z,"chore(i18n,client): processed translations (#60894)",2521,183,2704
freeCodeCamp/freeCodeCamp,c2f6efc22a8414c68181f693aad25ae368b12a16,Oliver Eyton-Williams,2025-06-18T13:42:14Z,fix(client): handle Syntax and Indentation errors from python (#60910),1,1,2
freeCodeCamp/freeCodeCamp,fbed638f0e6dd0fd15e7cf4198b84f5e5745305e,Dario-DC,2025-06-18T11:12:20Z,"feat(client,curriculum): add quicksort lab (#60298)  Co-authored-by: Krzysztof G. <60067306+gikf@users.noreply.github.com>",150,2,152
freeCodeCamp/freeCodeCamp,6a94d1b8ff9b7ba3ef407ba578019b0750d4830b,Vishnu D,2025-06-18T09:07:40Z,fix(curriculum): update step 12 and 13 in fcc authors page workshop (#60916),4,2,6
freeCodeCamp/freeCodeCamp,06ab8cd32ef81aa09ade79e7b4acb46efa22c462,Anna,2025-06-18T07:58:43Z,chore(curriculum): test input and label are linked (#60909),13,0,13
freeCodeCamp/freeCodeCamp,c43429a9b184c4e9e20f4bcd00df7df45a9c9747,Vishnu D,2025-06-18T04:34:44Z,fix(curriculum): update steps 15-16 in fruit search app workshop (#60906)  Co-authored-by: Ilenia <26656284+ilenia-magoni@users.noreply.github.com>,6,6,12
freeCodeCamp/freeCodeCamp,4f59955ea016f714aa8107fcdd324177b2dbeb6d,Tanmay Gautam,2025-06-17T17:27:53Z,chore(client): removed alert-info class from global.css (#60897),0,6,6
freeCodeCamp/freeCodeCamp,bb552574f6ff7d7c7209e4bc0fd0b7e62c8e7dde,Supravisor,2025-06-17T17:21:58Z,fix(curriculum): modify description in Recipe Tracker workshop (#60886)  Co-authored-by: Ilenia <26656284+ilenia-magoni@users.noreply.github.com>,1,1,2
freeCodeCamp/freeCodeCamp,ec764ef7cbf03ef1e2f4e49d7ebc1b6a65234b9c,Clarence Bakosi,2025-06-17T16:32:03Z,chore(curriculum): change to US spelling (#60852),77,77,154
freeCodeCamp/freeCodeCamp,128c43b5ccc403859c8451083a142e8ff53484e0,Ahmad Abdolsaheb,2025-06-17T12:16:07Z,fix(client): show ab test for fsd only (#60880),4,1,5
freeCodeCamp/freeCodeCamp,852348e97459b76602c7917b8e675c8354bc3f86,Jessica Wilkins,2025-06-17T10:14:51Z,chore(curriculum): add JS a11y module  (#60579)  Co-authored-by: Tom <20648924+moT01@users.noreply.github.com> Co-authored-by: Huyen Nguyen <25715018+huyenltnguyen@users.noreply.github.com> Co-authored-by: Ilenia <26656284+ilenia-magoni@users.noreply.github.com>,541,0,541
freeCodeCamp/freeCodeCamp,2e6c81bc6371cfe63bf4fd54e5e8e62dcf27ede5,DanielRosa74,2025-06-17T03:49:43Z,feat(curriculum): add Block 21 of the B1 stage of the English Curriculum (#60401)  Co-authored-by: Anastasiia <109740924+anastasiiauk@users.noreply.github.com> Co-authored-by: Nielda Karla <90112119+nieldakarla@users.noreply.github.com>,13976,23,13999
freeCodeCamp/freeCodeCamp,4888343d212f4a1f42d88c22d1a0f30ecae0de4a,freeCodeCamp's Camper Bot,2025-06-16T16:11:29Z,"chore(i18n,learn): update i18n-curriculum submodule (#60896)",1,1,2
freeCodeCamp/freeCodeCamp,f94571efd92c5156c1be5db641314e1b9ef5500d,Cas,2025-06-16T14:43:39Z,fix(curriculum): combined sentences and added examples (#60858)  Co-authored-by: Ilenia <26656284+ilenia-magoni@users.noreply.github.com>,18,2,20
freeCodeCamp/freeCodeCamp,4a2fad2c7d870de3b4bb230d6a05d750fe6c78e1,Jessica Wilkins,2025-06-16T10:17:04Z,feat(curriculum): adding python basics review content (#59958)  Co-authored-by: Dario-DC <105294544+Dario-DC@users.noreply.github.com> Co-authored-by: Zaira <33151350+zairahira@users.noreply.github.com>,862,5,867
freeCodeCamp/freeCodeCamp,73130377fc3c234955b9dd25a3ed81df32a98530,Naman Khandelwal,2025-06-16T04:10:53Z,refactor(client): update SuperBlockIntro to use Callout and Spacer components (#60870),9,7,16
freeCodeCamp/freeCodeCamp,7eaeddc3b5aa7e1182a50e689f865ab082418306,aldinash,2025-06-16T04:09:40Z,chore(client): removed unused css (#60885),0,13,13
freeCodeCamp/freeCodeCamp,00bbcd2ea9ae597a6619507fc3bcad078c6a992a,Igor Milosavljevic,2025-06-15T20:50:30Z,fix(a11y): hide dumbbell icon from screen readers (#60884),1,0,1
freeCodeCamp/freeCodeCamp,f0bb5dd74014e8ceef9cedeccb440e0ac1677b59,Naman Khandelwal,2025-06-15T19:27:56Z,refactor(client): update OfflineWarning to use Alert and Spacer components (#60871),5,2,7
freeCodeCamp/freeCodeCamp,c10c38e63327fed0c687fa1434cda3e9c3529249,dev-kamil,2025-06-15T15:03:44Z,fix(curriculum): renamed forecast->weather in Build a Weather App (#60877),29,29,58
freeCodeCamp/freeCodeCamp,44e734398f697f583ec81e12b894d6467173715e,Mrugesh Mohapatra,2025-06-15T13:46:30Z,fix(env): remove unused keys (#60878),0,7,7
freeCodeCamp/freeCodeCamp,579e9cf69cfedd22f8f6e3f005518823b1c4be67,Anna,2025-06-14T15:53:44Z,chore(curriculum): add redirects to lecture blocks (#60581),60,0,60
freeCodeCamp/freeCodeCamp,9330916a553a117b807af01a5e0e545906831ac8,Vansh Dagar,2025-06-14T10:15:28Z,chore(client): remove alert notes from legacy block pages (#60872),0,12,12
freeCodeCamp/freeCodeCamp,caca12108e962827ab1e450fee5b74c89f3bd729,Tom,2025-06-14T00:51:43Z,feat(client): add coming soon module intros (#60863),383,597,980
freeCodeCamp/freeCodeCamp,6663275117953e4cf3d6b10d968ea77b5906ccb4,Shaun Hamilton,2025-06-13T22:06:40Z,fix(client): add dom fallback runner (#60861),27,5,32
freeCodeCamp/freeCodeCamp,e495e385cae2b68f68e84f02d8fac8b937915aff,Abhilashini A J,2025-06-13T20:19:03Z,feat(curriculum): Add second quiz set for design fundamentals (#60631)  Co-authored-by: Dario-DC <105294544+Dario-DC@users.noreply.github.com>,442,0,442
freeCodeCamp/freeCodeCamp,29e2622d04a4044ff30514f96b934cb6d0c7f5de,Zaira,2025-06-13T15:53:56Z,chore(curriculum): add introduction to python transcripts (#60729)  Co-authored-by: Dario-DC <105294544+Dario-DC@users.noreply.github.com> Co-authored-by: Ilenia <26656284+ilenia-magoni@users.noreply.github.com>,2010,81,2091
freeCodeCamp/freeCodeCamp,19963dd6ab94ee62aab1e111cff205a63f2748dc,Shreya Kaushal,2025-06-13T14:46:37Z,fix: improve step 2 instruction and fix indentation in profile card workshop (#60837)  Co-authored-by: Huyen Nguyen <25715018+huyenltnguyen@users.noreply.github.com>,2,2,4
freeCodeCamp/freeCodeCamp,c052649ece2503c7456646ce87e2e17d9c8d6cd7,shruti-cpp,2025-06-13T10:11:39Z,fix: improve hint text for Moon Orbit lab (#60850),1,1,2
freeCodeCamp/freeCodeCamp,4cca004fb8ed4c428325054deaeb7789b0cb66df,Trevor Browning,2025-06-13T08:21:17Z,fix(curriculum): add explanation of name attribute to review pages (#60676)  Co-authored-by: Huyen Nguyen <25715018+huyenltnguyen@users.noreply.github.com>,6,4,10
freeCodeCamp/freeCodeCamp,86b9cd12a0678eea972aca1009683ed2dcc25eba,Clarence Bakosi,2025-06-12T22:50:43Z,chore(curriculum): change to US spelling (#60839)  Co-authored-by: Ilenia <26656284+ilenia-magoni@users.noreply.github.com>,33,33,66
freeCodeCamp/freeCodeCamp,a1364295efcb509813daf1322ece08503e7b716a,Vishnu D,2025-06-12T16:32:04Z,fix(curriculum): inconsistent value attribute between steps 9 to 12 in superhero application form (#60804),17,8,25
freeCodeCamp/freeCodeCamp,db71360fda20843626d04d1c4f6bdf7462b92564,Livingstone Asabahebwa,2025-06-12T16:15:59Z,"fix(curriculum):update cat painting steps 66,67,69,70 to use specific asserts (#60835)",14,14,28
freeCodeCamp/freeCodeCamp,f7d736213ae4241437157834294601a5e80ee230,freeCodeCamp's Camper Bot,2025-06-12T15:19:25Z,"chore(i18n,learn): update i18n-curriculum submodule (#60844)",1,1,2
freeCodeCamp/freeCodeCamp,e25c67e48d2a6a06bcbe8d6f2aee515cbd7e046e,Pratham Rao,2025-06-12T15:17:04Z,fix(curriculum): updated cat painting steps 59-60-61-65 to use specific asserts (#60840),14,14,28
freeCodeCamp/freeCodeCamp,783421008d17be706500fa209b0999267a8b2e1f,Tom,2025-06-12T12:54:43Z,feat(tools): better language challenge helpers (#60696),323,37,360
freeCodeCamp/freeCodeCamp,98e689e2e0859161c492bab566387e21dfc50f11,Aishwarya,2025-06-12T11:57:24Z,fix(curriculum): react code block identifier (#60764)  Co-authored-by: Huyen Nguyen <25715018+huyenltnguyen@users.noreply.github.com>,300,302,602
freeCodeCamp/freeCodeCamp,f09732fdc6a261086fde0f27db26bd2039dd2fbd,Ahmad Abdolsaheb,2025-06-12T09:47:14Z,feat(client): add superblock intro ab test (#60685)  Co-authored-by: Oliver Eyton-Williams <ojeytonwilliams@gmail.com> Co-authored-by: Shaun Hamilton <shauhami020@gmail.com>,252,8,260
freeCodeCamp/freeCodeCamp,4342119e21c888bb3d0e77ee89a005a73ea78a96,Vishnu D,2025-06-12T09:09:15Z,fix(curriculum): update Step 12 instructions in the superhero application form workshop (#60803)  Co-authored-by: Huyen Nguyen <25715018+huyenltnguyen@users.noreply.github.com>,5,5,10
freeCodeCamp/freeCodeCamp,49fbe88369a7aca1aaa63e5f5e64e29183bf7ee1,Oliver Eyton-Williams,2025-06-12T07:25:37Z,feat(client): integrate new test runner (#60318),921,1392,2313
freeCodeCamp/freeCodeCamp,18e2f919c2dd2ef16ade00ec2cc3a28f0ebd1eca,Raman Pandey,2025-06-11T21:27:56Z,fix(curriculum): correct class name typo in nutrition label step 8 (#60834),2,2,4
freeCodeCamp/freeCodeCamp,b858d29e4c4e96c371647169f0a9cccd21df1d84,Ilenia,2025-06-11T21:03:19Z,feat: add test for specific behaviour (#60828)  Co-authored-by: Oliver Eyton-Williams <ojeytonwilliams@gmail.com>,20,0,20
freeCodeCamp/freeCodeCamp,369cc96d99bbced0b96cd145c8ff35ebe9ec9e05,K.Hemalatha Reddy,2025-06-11T17:40:27Z,fix(curriculum): replace comma with period in task 49 description (#60833),1,1,2
freeCodeCamp/freeCodeCamp,33f482b4016dd0fd516d8747a2e22cff4012b705,freeCodeCamp's Camper Bot,2025-06-11T17:22:12Z,"chore(i18n,learn): update i18n-curriculum submodule (#60832)",1,1,2
freeCodeCamp/freeCodeCamp,af63409ce6d73ed3a6338f251744a5fde5a98a39,freeCodeCamp's Camper Bot,2025-06-11T15:18:03Z,"chore(i18n,client): processed translations (#60830)",110,110,220
freeCodeCamp/freeCodeCamp,2fa1597bbeacbc56e09c3f762dce538db42fd98c,Tom,2025-06-11T14:38:00Z,feat(curriculum): release react + perfomance + testing FSD modules (#60710),38,40,78
freeCodeCamp/freeCodeCamp,82a732e9a39ce49fa7f341b52e85a0ea41c22c90,saif814,2025-06-11T14:23:34Z,feat(curriculum): add second set of quiz questions for Responsive Web Design (#59861),441,0,441
freeCodeCamp/freeCodeCamp,342a4ccf22b670cd459181b42c7222f2277a5094,Mrugesh Mohapatra,2025-06-11T09:48:00Z,chore: rename workflow files (#60826),0,0,0
freeCodeCamp/freeCodeCamp,e2c26a51222607426b1f9e2109b8d89b20d38b89,TheChaplain,2025-06-11T09:26:26Z,chore(curriculum): replace assert calls in cat painting steps 78-80 (#60817),6,6,12
freeCodeCamp/freeCodeCamp,17edc313210a3831cd67854bc9198ac3251d88cd,Ricardo N.,2025-06-11T08:58:30Z,"chore(curriculum): update steps 2,8,9,10 of cat painting workshop to use specific asserts (#60823)  Co-authored-by: dev-kamil <54180588+dev-kamil@users.noreply.github.com>",10,10,20
freeCodeCamp/freeCodeCamp,66bc604bd759d45830690ce898a4c1ca42ff022d,Huyen Nguyen,2025-06-11T07:51:23Z,fix(external curricula): use strings for superblock stages (#60813),54,19,73
freeCodeCamp/freeCodeCamp,b9ee08ac58fb38270cf7ac7c693ba124c3932b54,Celmo Mosse,2025-06-11T07:10:34Z,chore(curriculum): update cat painting steps 11-14 to use specific asserts (#60818),19,19,38
freeCodeCamp/freeCodeCamp,998185448a47930ee3e4f4bd2648eb0fd44fe723,dev-kamil,2025-06-11T04:15:37Z,fix(curriculum): missing space between backtick and parenthesis (#60822),3,3,6
freeCodeCamp/freeCodeCamp,94f3728e766110881e7390e3aba91cb6e90866b8,Stephen Mutheu Muya,2025-06-10T18:50:28Z,Fix(curriculum): remove index key. (#60779),20,20,40
freeCodeCamp/freeCodeCamp,e8e01133fc7765428b7639a40d26ecae87478835,Ashish Jhajharia,2025-06-10T17:57:08Z,fix(a11y): update PrismFormatted usage for quiz question text (#60799)  Co-authored-by: Huyen Nguyen <25715018+huyenltnguyen@users.noreply.github.com>,1,3,4
freeCodeCamp/freeCodeCamp,f3c45444e933005fe86b05b1b4c2267812f32772,Cameron Rice,2025-06-10T17:53:24Z,fix(curriculum): allow for more new lines in code (#60694),47,47,94
freeCodeCamp/freeCodeCamp,ce0ed72a9367e5ef9b06d329dbbd393740b23948,Ilenia,2025-06-10T14:41:13Z,feat: add build a number generator lab to python chapter (#60740),160,8,168
freeCodeCamp/freeCodeCamp,c32eb093d2a4d0108be72347c2d38b786f880897,Tom,2025-06-10T12:43:04Z,refactor(challenge-helpers): use new superBlockToFolderMap directly (#60794),10,29,39
freeCodeCamp/freeCodeCamp,fc7d2ac761865a8f2a95a1ab1d7c6011b38a0ee8,Ilenia,2025-06-10T12:38:30Z,chore: create placeholder files for python lectures (#60736),1408,4,1412
freeCodeCamp/freeCodeCamp,5b8c3289d9ef47b31990fdb38a02f03ad37bb1f7,fatma-ajroud,2025-06-10T10:35:42Z,feat(curriculum):add second quiz for CSS grid (#59813)  Co-authored-by: Jessica Wilkins <67210629+jdwilkin4@users.noreply.github.com> Co-authored-by: jdwilkin4 <jwilkin4@hotmail.com>,477,0,477
freeCodeCamp/freeCodeCamp,5c35432ef2f99360605490ee129ac1e4cf9e5fc1,Clarence Bakosi,2025-06-10T10:08:37Z,chore(curriculum): change to US spelling (#60805),1,1,2
freeCodeCamp/freeCodeCamp,74ede1345d769071f94bdd51011815f02f385c29,Danyelle Henriquez,2025-06-10T09:46:36Z,chore(curriculum): updated tests to use specific asserts  (#60800),13,13,26
freeCodeCamp/freeCodeCamp,339e09961f9f8d395037eaa8987fa9c1295e006d,Ahmad Abdolsaheb,2025-06-10T04:40:57Z,AB testing skill based landing page top (#60753)  Co-authored-by: Mrugesh Mohapatra <1884376+raisedadead@users.noreply.github.com>,241,222,463
freeCodeCamp/freeCodeCamp,276cea53a9f94563837f8d2917638b774055c843,Supravisor,2025-06-10T04:11:28Z,fix(curriculum): typo in Code Related Concepts and Terms (#60798),1,1,2
freeCodeCamp/freeCodeCamp,a9dc3bdeef781da2a7c3dbbb367eb46eba27306b,Oliver Eyton-Williams,2025-06-09T20:21:02Z,chore(api): add user's id to errors sent to Sentry (#60725),11,0,11
freeCodeCamp/freeCodeCamp,892843f6d12b6eb0b2c851b5c90ebc73bab6632a,dev-kamil,2025-06-09T18:30:12Z,fix(curriculum): grammar and wording in multiple challenges (#60784),4,4,8
freeCodeCamp/freeCodeCamp,78fbc36f7d9f3c073b75c5458a4c1b087f72bdf2,Ahmad Abdolsaheb,2025-06-09T18:06:16Z,feat/replace-shop-url (#58281),11,11,22
freeCodeCamp/freeCodeCamp,2aba3ebc2663ee69cdc40d787cb8db2f2b4f27db,dev-kamil,2025-06-09T16:47:20Z,fix(curriculum): fCC authors page - minor improvements (#60638),19,19,38
freeCodeCamp/freeCodeCamp,3048a5a91d1f93db72e2f464759444189b5f68f1,Supravisor,2025-06-09T16:34:13Z,chore(curriculum): backticks for OOP in Programming Vocabulary (#60786),24,24,48
freeCodeCamp/freeCodeCamp,371dcd512e6f927c2988dc7b66312e36f5fc2c4f,Clarence Bakosi,2025-06-09T16:31:49Z,chore(curriculum): fixed misspelled variable names (#60789),3,3,6
freeCodeCamp/freeCodeCamp,a3508054e24c29298756725239cd214b4cd541e5,freeCodeCamp's Camper Bot,2025-06-09T15:59:49Z,"chore(i18n,client): processed translations (#60791)",813,203,1016
freeCodeCamp/freeCodeCamp,8cb9550897a53146d05c6bc1ec6b01fe3883702f,freeCodeCamp's Camper Bot,2025-06-09T15:59:24Z,"chore(i18n,learn): update i18n-curriculum submodule (#60792)",1,1,2
freeCodeCamp/freeCodeCamp,55c94cc77dd782e8d03a293770f4cfa9744eb981,Atithi SIngh,2025-06-09T11:18:41Z,fix(curriculum): correct grammar in FCC authors page challenge (#60773),2,2,4
freeCodeCamp/freeCodeCamp,f4121968e4d2d4e94baf7a8416748a989eaddf4c,Tom,2025-06-08T14:01:16Z,refactor: move superblock folder maps to config (#60714),50,126,176
freeCodeCamp/freeCodeCamp,4912a0aac5f7826bff9a78c01a88498e6954e55e,dev-kamil,2025-06-07T20:03:03Z,fix(curriculum): discrepancy in Build a Curriculum Outline (#60762),2,2,4
freeCodeCamp/freeCodeCamp,90bac7239d2b5b41b45359bad0686ca85f610968,zenocross,2025-06-07T20:00:49Z,chore: update tests to use specific asserts in project euler problems 11-20 (#60763),10,10,20
freeCodeCamp/freeCodeCamp,bbda50ed0d1b6f7aba29f4a3028b7eeead8463fb,Forge,2025-06-07T19:36:43Z,fix(client): typo in top contributer badge component (#60765)  Co-authored-by: Huyen Nguyen <25715018+huyenltnguyen@users.noreply.github.com>,5,5,10
freeCodeCamp/freeCodeCamp,a6f72e9ab00d0b13ac16aad44b4fd10f2f8d92bf,dev-kamil,2025-06-07T15:46:00Z,"fix(curriculum): grammar, typos in Introduction to JavaScript Libraries and Frameworks (#60747)  Co-authored-by: Huyen Nguyen <25715018+huyenltnguyen@users.noreply.github.com>",5,5,10
freeCodeCamp/freeCodeCamp,eefd43106d2401bdd12e835f2b744a464354f2c6,Stephen Mutheu Muya,2025-06-07T07:33:08Z,fix(curriculum): change plaintext blocks from bash to markdown (#60754),13,13,26
freeCodeCamp/freeCodeCamp,c2196fefac8e8264fa678f6c896ae1dad26cde79,Supravisor,2025-06-07T00:54:36Z,fix(curriculum): fix ups and remove quote marks in Programming Vocabulary (#60553)  Co-authored-by: Huyen Nguyen <25715018+huyenltnguyen@users.noreply.github.com>,21,21,42
freeCodeCamp/freeCodeCamp,0d4b8e89b3533761c2ab790195c042977ed2024b,Krzysztof G.,2025-06-06T22:53:16Z,fix(curriculum): accept let and var declaration in Color picker lab (#60748),1,3,4
freeCodeCamp/freeCodeCamp,206511ec8a84109f775d1d2609333869e8e7544a,sharon1999,2025-06-06T20:37:56Z,fix(curriculum): feedback text in “Learn Greetings in Your First Day at the Office” lesson (#60738),0,4,4
freeCodeCamp/freeCodeCamp,12e45fc4a02ce2ac50c908f7c7b6cc128c541a34,Omar Moustafa,2025-06-06T17:23:31Z,feat(curriculum): add second quiz set for CSS variables (#59819)  Co-authored-by: Jessica Wilkins <67210629+jdwilkin4@users.noreply.github.com>,485,0,485
freeCodeCamp/freeCodeCamp,e8bde95a2dbdef08535371d2a27e22d3ffe20802,Supravisor,2025-06-06T16:00:00Z,fix(curriculum): use lower case int in Code-related Concepts and Terms (#60695),3,3,6
freeCodeCamp/freeCodeCamp,777c68235a5b0e6e730a8e072a1882ba11d91265,Jessica Wilkins,2025-06-06T12:32:39Z,fix(curriculum): remove errors in CSS and JS transcripts (#60711),47,41,88
freeCodeCamp/freeCodeCamp,46c008c112a84e55ccdf8f6b877ec33dddc7c6a4,Huyen Nguyen,2025-06-06T12:28:28Z,fix(a11y): enable screen reader support for python terminal (#60154),26,3,29
freeCodeCamp/freeCodeCamp,ed2bdfcf961978b55b1240b72b6baa90d65d9a0b,dev-kamil,2025-06-06T10:03:14Z,fix(curriculum): standardize Next.js proper names (#60734),1,1,2
freeCodeCamp/freeCodeCamp,d04d26f515b8c55107beef7a7346a8977ee45d38,Clarence Bakosi,2025-06-06T08:47:33Z,fix(curriculum): typo in lecture working with loops and sequences (#60739),2,2,4
freeCodeCamp/freeCodeCamp,9df9b675c189b893f91e653aae0cd937d0856350,dev-kamil,2025-06-06T03:54:22Z,fix(curriculum): missing preposition (#60735),1,1,2
freeCodeCamp/freeCodeCamp,6bcce9f0303ca933a2a317ce6fc2a8651258ce56,Zaira,2025-06-05T19:18:08Z,feat(curriculum): add merge sort workshop (#59633)  Co-authored-by: Ilenia <26656284+ilenia-magoni@users.noreply.github.com> Co-authored-by: Naomi <accounts+github@nhcarrigan.com> Co-authored-by: Dario-DC <105294544+Dario-DC@users.noreply.github.com>,1655,2,1657
freeCodeCamp/freeCodeCamp,2be423e92830b0bf5dacfbf44bd72617d7f35396,Telukula Vishal,2025-06-05T19:03:07Z,chore(curriculum) : update Project Euler tests with better assertions (#60728)  Co-authored-by: @Vishal-Telukula <telukulasunitha@gmail.com>,11,11,22
freeCodeCamp/freeCodeCamp,ee681ff4ad4482952ea08fe1fbbc1cdb81e40136,Niraj Nandish,2025-06-05T18:01:11Z,chore(curriculum): remove before user code in RPS game (#60723),10,10,20
freeCodeCamp/freeCodeCamp,2bb4c5565cbaf10ebb17d7c061ee78b3a235d8ce,Lalit Narayan Yadav,2025-06-05T12:41:01Z,chore(curriculum): update asserts in workshop cat painting steps 75–77 (#60721),9,9,18
freeCodeCamp/freeCodeCamp,e7a712351e173c5faf511c873e840852cc29f7b7,Tom,2025-06-05T07:14:07Z,fix(config): add dev playground to not audited (#60717),20,10,30
freeCodeCamp/freeCodeCamp,0c6b35630fd6b07f2b0714a6382d0ce981080d31,miyaliu666,2025-06-04T19:53:52Z,feat(curriculum): Add A2 Chinese Outline (#60451)  Co-authored-by: moT01 <20648924+moT01@users.noreply.github.com>,256,8,264
freeCodeCamp/freeCodeCamp,a2f2ad45c6ecbfaefd95f9071088462516f8df26,Tom,2025-06-04T17:32:25Z,feat(curriculum): add dev-playground superblock and daily challenge types (#60439)  Co-authored-by: Kolade Chris <65571316+Ksound22@users.noreply.github.com> Co-authored-by: Huyen Nguyen <25715018+huyenltnguyen@users.noreply.github.com>,4659,25,4684
freeCodeCamp/freeCodeCamp,d4c905e711517e7c2267863be63def269f2826f2,Andrii Tsapko,2025-06-04T15:52:29Z,"fix(curriculum): change ""what is HTML"" lecture title (#60709)",2,2,4
freeCodeCamp/freeCodeCamp,bd202928321cac1fd617f6d37d4a218f2f1ea734,freeCodeCamp's Camper Bot,2025-06-04T15:07:30Z,"chore(i18n,learn): update i18n-curriculum submodule (#60707)",1,1,2
freeCodeCamp/freeCodeCamp,26e45cd6e98e7c8c5e2ace7088d8b4ff92bf0142,Clarence Bakosi,2025-06-04T13:22:17Z,fix(curriculum): typo falsey instead of  falsy (#60706),3,3,6
freeCodeCamp/freeCodeCamp,0fe9cc721dba18e3ea727d95e2239a55464bec44,Huyen Nguyen,2025-06-04T11:53:06Z,chore: temporary skip tests to keep CI stable (#60705),30,24,54
freeCodeCamp/freeCodeCamp,f4dc57bc505f4876384e8d342c43f41e003358d0,Tom,2025-06-04T10:13:21Z,fix(curriculum): hide upcoming blocks (#60684)  Co-authored-by: Huyen Nguyen <25715018+huyenltnguyen@users.noreply.github.com>,35,13,48
freeCodeCamp/freeCodeCamp,09986313d0b00f3c40a37d4d2dcc5b226a5129ba,kellbosu,2025-06-04T07:32:02Z,fix: correct typo in Lightbox Viewer lab intro (#60697),1,1,2
freeCodeCamp/freeCodeCamp,f5e3a09dc6d80e69f3ddd29760ac1f35e6a9195e,Krista,2025-06-03T21:40:46Z,chore(curriculum): update assert methods in nutritional label workshop steps 1-2 (#60674)  Co-authored-by: Huyen Nguyen <25715018+huyenltnguyen@users.noreply.github.com>,5,5,10
freeCodeCamp/freeCodeCamp,d7d150e9d3bc81b409a943af6c160e50530c558a,Ilenia,2025-06-03T21:36:32Z,feat: add python lecture placeholders for first two sections (#59737),2758,13,2771
freeCodeCamp/freeCodeCamp,598534e264a54f783ed91b4278db1bcb033d2d6d,Stephen Mutheu Muya,2025-06-03T21:33:32Z,fix(curriculum): allow newlines in move review page tests (#60689),1,1,2
freeCodeCamp/freeCodeCamp,d7d027afb7e4fb4e180d4dd1a43dbd77eb514939,yoko,2025-06-03T20:28:35Z,fix(curriculum): make tests independent of previous tests (Customer Complaint Form) (#60348)  Co-authored-by: Ilenia M <nethleen@gmail.com>,8,4,12
freeCodeCamp/freeCodeCamp,3d4894d431192bafbb6a03ca9510952823ebe884,Melvin Kosisochukwu,2025-06-03T20:28:15Z,fix: Error in build an event flyer when stylesheet has an @import rule  (#60155)  Co-authored-by: Ilenia M <nethleen@gmail.com>,2,2,4
freeCodeCamp/freeCodeCamp,b3b9b487b13ee45e1965f3b7e74b9303748b4fa2,c0d1ng_ma5ter,2025-06-03T17:47:13Z,fix(curriculum): Use specific asserts in cat painting (#60666),11,11,22
freeCodeCamp/freeCodeCamp,2549bb55cbde1351629b3786b9a22234acd7e3f1,Supravisor,2025-06-03T17:42:05Z,chore(curriculum): test for at least three votes in Voting System Lab (#60672)  Co-authored-by: Krzysztof G. <60067306+gikf@users.noreply.github.com>,1,1,2
freeCodeCamp/freeCodeCamp,d198875cd49179fe1d5d3ae258a8a13673a3d5f0,Anur Peljto,2025-06-03T17:31:03Z,chore(curriculum): update asserts in magazine workshop steps 14-15-16 (#60682),7,7,14
freeCodeCamp/freeCodeCamp,ac198cac9cc371995eccce5d007dd09f4709160a,Oliver Eyton-Williams,2025-06-03T16:48:38Z,perf(ci): skip cache to see if perf improves (#60681),0,177,177
freeCodeCamp/freeCodeCamp,2d8904f7d927271caeeb48c0545341f2c8a9eb25,Stephen Mutheu Muya,2025-06-03T15:43:50Z,fix(curriculum): Replace last question. (#60677),8,8,16
freeCodeCamp/freeCodeCamp,3b3fe5d6e11a2ab3f5bf7e90207aa8252a92d3fd,Niraj Nandish,2025-06-03T15:32:41Z,fix(curriculum): wrong challenge type for js challenges (#60688),2,2,4
freeCodeCamp/freeCodeCamp,a659791dc29eafa61a86e0e714fbd8f853a75918,Ilenia,2025-06-03T14:53:42Z,chore(curriculum): add slice-and-splice to full-stack-curriculum (#60265)  Co-authored-by: Kolade Chris <65571316+Ksound22@users.noreply.github.com> Co-authored-by: Tom <20648924+moT01@users.noreply.github.com> Co-authored-by: Dario-DC <105294544+Dario-DC@users.noreply.github.com>,124,0,124
freeCodeCamp/freeCodeCamp,f7db89620d8eb3f16a27a398198d1e0ff33d42e5,Clarence Bakosi,2025-06-03T12:14:08Z,fix(curriculum): typo in workshop fruit search app (#60678),3,3,6
freeCodeCamp/freeCodeCamp,8e68328e10fc3a914a0dbb3db8d16142d08ab46b,Supravisor,2025-06-03T10:54:51Z,fix(curriculum): add section element to Semantic HTML Review (#60580),1,0,1
freeCodeCamp/freeCodeCamp,1557711a689cdf806667fa4b98f55a9393656c46,Mrugesh Mohapatra,2025-06-03T09:35:40Z,"fix(tools): Update node to v22, improve caching? (#60651)",1967,817,2784
freeCodeCamp/freeCodeCamp,d40abd19027b2d3312ff7ecb9fe187523279b0bc,dev-kamil,2025-06-02T17:23:11Z,fix(curriculum): remove stray backtick (#60670),1,1,2
freeCodeCamp/freeCodeCamp,7ff1bd91fb6d7b7ab33d3ba7dcba5c9ad1bab894,Abhinav Mohandas,2025-06-02T16:56:24Z,fix(curriculum): typo in Data Types and Conditionals Lesson (#60669),6,6,12
freeCodeCamp/freeCodeCamp,725130ed552c8024f73640aab026333fc2264ca8,Dan Bokete,2025-06-02T16:21:09Z,chore(curriculum) Project Euler problems 301–400 to use assert.isString() (#60657),4,4,8
freeCodeCamp/freeCodeCamp,5bf1e82257ca86a75846a40a6f8f4d4ed94844db,Huyen Nguyen,2025-06-02T16:18:14Z,fix(a11y): make code examples in quiz accessible (#60498),31,3,34
freeCodeCamp/freeCodeCamp,6180702aefdb82506258ae6cd483311f7393639a,freeCodeCamp's Camper Bot,2025-06-02T16:15:12Z,"chore(i18n,learn): update i18n-curriculum submodule (#60665)",1,1,2
freeCodeCamp/freeCodeCamp,d42c3dccb1ffa7197456517d707015cbb7edec3d,Trevor Browning,2025-06-02T15:56:04Z,Fix(curriculum): replace introduction sentence (#60659),5,5,10
freeCodeCamp/freeCodeCamp,259f12bb542b69af1140f0b405170bb5f9348b62,freeCodeCamp's Camper Bot,2025-06-02T13:44:43Z,"chore(i18n,client): processed translations (#60662)",2394,1924,4318
freeCodeCamp/freeCodeCamp,d525081a8541c238f9f434b443187793a28d3e75,Vishnu D,2025-06-02T12:23:29Z,fix(curriculum): replace unrelated currying question (#60616)  Co-authored-by: Huyen Nguyen <25715018+huyenltnguyen@users.noreply.github.com>,30,8,38
freeCodeCamp/freeCodeCamp,55b7d457834a644029b6a5a57d8dff8be6acfecb,Huyen Nguyen,2025-06-02T12:02:28Z,"fix(client, curriculum): mismatched block titles (#60658)",2,2,4
freeCodeCamp/freeCodeCamp,93e987e34bae79be5168fb0cda12f8337eb48694,Clarence Bakosi,2025-06-02T09:59:36Z,fix(curriculum): typo in quiz testing (#60652),1,1,2
freeCodeCamp/freeCodeCamp,9f270dcc798dfe292897dd47849fd7abb5648ea7,dev-kamil,2025-06-02T09:58:56Z,fix(curriculum): indentation in fCC Authors Page - step 4 (#60629),1,1,2
freeCodeCamp/freeCodeCamp,99fce814ec5737451f13cdbebdc32bbf93bb6cb7,Taemin Lee,2025-06-02T08:32:12Z,chore(curriculum): update asserts in magazine workshop step 17 (#60635),6,6,12
freeCodeCamp/freeCodeCamp,2c3374e43dca48a20848e9e6041af447112acdbb,Jonathan Fairgrieve,2025-06-02T08:31:03Z,fix(curriculum): use specific chai asserts for euler problems 401-480 (#60636),5,5,10
freeCodeCamp/freeCodeCamp,7f5e4470803977ef4cdb399a90b59f2f8b3025fb,c0d1ng_ma5ter,2025-06-02T08:04:26Z,fix(curriculum): Allow `var` declarations in challenges (#60626)  Co-authored-by: Dario-DC <105294544+Dario-DC@users.noreply.github.com>,24,24,48
freeCodeCamp/freeCodeCamp,ae07221ef4bdc7ddf49d58a94a16f4b862729bb2,Tom,2025-06-02T02:39:39Z,fix(curriculum): misaligned titles (#60647),2,2,4
freeCodeCamp/freeCodeCamp,89402caa9d50ae3d85ffd973f8bf84c69b577164,Oliver Eyton-Williams,2025-06-02T02:37:57Z,chore(api): migrate to fastify v5 (#57576),299,296,595
freeCodeCamp/freeCodeCamp,690d05c7b9fce177c054c3b4319ca4e63c928bdc,Clarence Bakosi,2025-06-01T21:00:25Z,fix(curriculum): typo in js fundamentals (#60649),1,1,2
freeCodeCamp/freeCodeCamp,6dbad93530e60df28a4c17b40e66b7d41759f16d,dev-kamil,2025-05-31T06:22:51Z,fix(curriculum): HTTP method string in Fetch API example (#60625),3,3,6
freeCodeCamp/freeCodeCamp,8ad25f7e0fcda3ebe44231f7d80c0d7488cf34d7,Vishnu D,2025-05-30T21:07:06Z,fix(curriculum): clarify wording in css flexbox quiz questions (#60623),10,10,20
freeCodeCamp/freeCodeCamp,e588ca5e1f60b1175a4c516830588f52d2efcc40,c0d1ng_ma5ter,2025-05-30T21:06:51Z,fix(curriculum): remove `localStorage.clear()` from To-Do App (#60488)  Co-authored-by: Huyen Nguyen <25715018+huyenltnguyen@users.noreply.github.com>,57,903,960
freeCodeCamp/freeCodeCamp,c99800d58485b084e10242139cecb8f8d1ba2188,Tom,2025-05-30T19:19:22Z,chore(curriculum): rework first workshop (#60607),108,95,203
freeCodeCamp/freeCodeCamp,6772f61c0eb5dd1863c0a173dc8e4575159cf14b,Ilenia,2025-05-30T19:07:17Z,chore: add lab-truncate-string to full-stack (#60570),127,0,127
freeCodeCamp/freeCodeCamp,4546af911daa597fee4ed404c6a36fdffdb87dca,Ilenia,2025-05-30T18:46:09Z,feat: add selection sort lab (#60591),166,2,168
freeCodeCamp/freeCodeCamp,57642ef790795af39fff1ac0d2fbb67fa82d47b7,Beau Carnes,2025-05-30T18:18:50Z,fix(curriculum): Update testing differences video id (#60620)  Co-authored-by: moT01 <20648924+moT01@users.noreply.github.com>,1,3,4
freeCodeCamp/freeCodeCamp,b99a9b2a8b7a9d966fc6e7515908bab92a2fa887,Beau Carnes,2025-05-30T18:17:15Z,fix(curriculum): Update functional testing video id (#60622)  Co-authored-by: moT01 <20648924+moT01@users.noreply.github.com>,1,1,2
freeCodeCamp/freeCodeCamp,ac09fc0839036cd1b7472e59e42ac4261ca40a6a,Huyen Nguyen,2025-05-30T17:07:37Z,fix(tools): ensure module name is available in external curricula data (#60610),55,18,73
